{"version": "1.1", "login40": {"latency": {"max": 209848, "mean": 3584.6074603677, "min": 50, "percentiles": {"50": 87, "90": 119, "95": 134, "99": 144928, "99.999": 206904}, "stdev": 21572.16400926}, "requests": {"max": 17690, "mean": 10976.071104387, "min": 5, "percentiles": {"50": 10920, "90": 12686, "95": 13252, "99": 13990, "99.999": 17690}, "stdev": 1752.2152257108}, "summary": {"bytes": 556489472, "connections": 40, "duration": 10099013, "errors": {"connect": 0, "read": 0, "status": 0, "timeout": 0, "write": 0}, "requests": 4347574, "served": 40}}, "login500": {"latency": {"max": 221530, "mean": 12760.457441563, "min": 47, "percentiles": {"50": 248, "90": 36484, "95": 121416, "99": 189366, "99.999": 214501}, "stdev": 39526.101729904}, "requests": {"max": 57757, "mean": 25408.766781143, "min": 10, "percentiles": {"50": 26313, "90": 30555, "95": 32616, "99": 37750, "99.999": 57757}, "stdev": 5801.3730959061}, "summary": {"bytes": 2079853056, "connections": 448, "duration": 10099747, "errors": {"connect": 0, "read": 0, "status": 0, "timeout": 0, "write": 0}, "requests": 16248852, "served": 448}}, "login10k": {"latency": {"max": 3137416, "mean": 22601.065106573, "min": 50, "percentiles": {"50": 7849, "90": 16311, "95": 89288, "99": 309644, "99.999": 3036556}, "stdev": 88519.597532327}, "requests": {"max": 150797, "mean": 18322.799770929, "min": 54, "percentiles": {"50": 18222, "90": 19090, "95": 19828, "99": 29550, "99.999": 150797}, "stdev": 4012.3180006735}, "summary": {"bytes": 4483973376, "connections": 9984, "duration": 30097449, "errors": {"connect": 0, "read": 0, "status": 0, "timeout": 0, "write": 0}, "requests": 35031042, "served": 9984}}, "wwwcsvt100": {"latency": {"max": 1442577, "mean": 48172.326236039, "min": 134, "percentiles": {"50": 1813, "90": 163785, "95": 189277, "99": 256201, "99.999": 1423512}, "stdev": 77696.14746813}, "requests": {"max": 2029, "mean": 334.92517932229, "min": 1, "percentiles": {"50": 210, "90": 870, "95": 1050, "99": 1360, "99.999": 2029}, "stdev": 337.68879888106}, "summary": {"bytes": 23271355239, "connections": 64, "duration": 20095958, "errors": {"connect": 0, "read": 0, "status": 0, "timeout": 0, "write": 0}, "requests": 337240, "served": 64}}, "doom100": {"latency": {"max": 3161344, "mean": 137218.43581105, "min": 3623, "percentiles": {"50": 47749, "90": 306331, "95": 464301, "99": 1081560, "99.999": 3161344}, "stdev": 214349.92714718}, "requests": {"max": 100, "mean": 18.611672794118, "min": 0, "percentiles": {"50": 15, "90": 40, "95": 50, "99": 60, "99.999": 100}, "stdev": 14.326556618781}, "summary": {"bytes": 23517478544, "connections": 40, "duration": 20086601, "errors": {"connect": 0, "read": 0, "status": 0, "timeout": 0, "write": 0}, "requests": 10176, "served": 40}}}